,order_code,customer_name,customer_address,customer_phone,order_date,status
0,3296359170,Dražen Milošević,Jevrema Grujića 16,0649456002,2024-05-21,Delivered
1,6148701363,Ninoslav Pavlović,Četvrtog Sremskog bataljona 42,0647110274,2024-05-21,Delivered
2,4200729047,Kristijan Maksimović,Čakorska 7,0625683098,2024-05-21,Delivered
3,3803147988,Laslo Molnar,Bogdana Velaševića 24,0645828128,2024-05-21,Delivered
4,7487524032,Vlada Stanković,Tomazeova 31,0622522619,2024-05-21,Delivered
5,3655121028,Vladimir Ristić,Despota Uglješe 54,0627525934,2024-05-21,Delivered
6,8236612161,Nemanja Grujić,Kolarska 9,0117708888,2024-05-21,Delivered
7,4793203633,Gavrilo Stefanović,Partizanski put 29,0611842833,2024-05-22,Delivered
8,3099305469,Darko Živković,Kružna 24,0111285059,2024-05-22,Delivered
9,3692767348,Darko Ivanović,Kostolačka 38,0664374685,2024-05-22,Delivered
10,2947564435,Dušan Tomić,Jovana Avakumovića 31,0661861234,2024-05-23,Delivered
11,3618043469,Zorica Milosavljević,Mihaila Stanojevića 25,0116453526,2024-05-23,Delivered
12,8455234434,Mirko Plećaš,Lazarevićeva 19,0619475042,2024-05-23,Delivered
13,4791379397,Lazar Radenković,Knjaževačka 60,0641847736,2024-05-23,Delivered
14,9578308089,Isak Milivojević,Hercegovačka 52,0660175651,2024-05-23,Delivered
15,1711869692,Milivoj Mijatović,Stevana Musića 47,0613205009,2024-05-23,Delivered
16,8320728676,Mihailo Arsić,Dr Teodora Borockog 51,0604398314,2024-05-23,Delivered
17,3506314278,Mirko Plećaš,Lazarevićeva 19,0619475042,2024-05-24,Delivered
18,6642197588,Đorđe Veličković,Bulevar Vojvode Bojovića 27,0640196197,2024-05-24,Delivered
19,7959644906,Ilija Pantić,Dese Ležajić 46,0635390540,2024-05-24,Delivered
20,3285688517,Vlada Stanković,Tomazeova 31,0622522619,2024-05-24,Delivered
21,5900797419,Zorica Milosavljević,Mihaila Stanojevića 25,0116453526,2024-05-24,Delivered
22,4415791079,Zorica Milosavljević,Mihaila Stanojevića 25,0116453526,2024-05-25,Delivered
23,2540776198,Đorđe Veličković,Bulevar Vojvode Bojovića 27,0640196197,2024-05-25,Delivered
24,8438769227,Darko Živković,Kružna 24,0111285059,2024-05-25,Delivered
25,8697808321,Vasilije Aleksić,Vojode Đurovića 59,0620181594,2024-05-25,Delivered
26,2443590686,Nemanja Grujić,Kolarska 9,0117708888,2024-05-25,Delivered
27,2175318731,Milivoj Mijatović,Stevana Musića 47,0613205009,2024-05-26,Delivered
28,7398701558,Ilija Pantić,Dese Ležajić 46,0635390540,2024-05-26,Delivered
29,9090389771,Bogoljub Lazić,Oštreljska 21,0656655664,2024-05-26,Delivered
30,4168493535,Zlatan Stefanović,Milorada Petrovića 15,0630469346,2024-05-26,Delivered
31,1809920003,Oto Kenig,Vrtlarska 7,0638663275,2024-05-27,Delivered
32,8057513665,Mirko Plećaš,Lazarevićeva 19,0619475042,2024-05-27,Delivered
33,9221042330,Aleksandar Rakić,Radmile Rajković 47,0623425885,2024-05-27,Delivered
34,9835802754,Nemanja Grujić,Kolarska 9,0117708888,2024-05-27,Delivered
35,9704876869,Darko Živković,Kružna 24,0111285059,2024-05-27,Delivered
36,3218228938,Dražen Milošević,Jevrema Grujića 16,0649456002,2024-05-28,Delivered
37,2098298471,Marko Ilić,Valtazara Bogićevića 15,0609147065,2024-05-28,Delivered
38,0103525254,Jovan Marković,Jabučka 57,0649305677,2024-05-28,Delivered
39,2317369338,Aleksandar Rakić,Radmile Rajković 47,0623425885,2024-05-29,Delivered
40,7179236018,Zlatan Stefanović,Milorada Petrovića 15,0630469346,2024-05-29,Delivered
41,0158408655,Ignjat Janković,Stojana Protića 2,0660937697,2024-05-30,Delivered
42,3096459437,Mihailo Arsić,Dr Teodora Borockog 51,0604398314,2024-05-30,Delivered
43,0618134833,Zlatan Stefanović,Milorada Petrovića 15,0630469346,2024-05-30,Delivered
44,3436199442,Isak Milivojević,Hercegovačka 52,0660175651,2024-05-30,Delivered
45,3861781751,Darko Živković,Kružna 24,0111285059,2024-05-31,Delivered
46,6463123803,Ignjat Janković,Stojana Protića 2,0660937697,2024-05-31,Delivered
47,1104141217,Dražen Milošević,Jevrema Grujića 16,0649456002,2024-05-31,Delivered
48,6712010373,Nemanja Grujić,Kolarska 9,0117708888,2024-06-01,Delivered
49,4334320537,Čedomir Risović,Milana Premasunca 14,0602956677,2024-06-01,Delivered
50,2030818153,Ivica Milenković,Jovana Subotića 4,0651784829,2024-06-01,Delivered
51,1872260628,Goran Petrović,Urvine 28,0645420956,2024-06-01,Delivered
52,4531091925,Zorica Milosavljević,Mihaila Stanojevića 25,0116453526,2024-06-01,Delivered
53,1248261877,Vladimir Ristić,Despota Uglješe 54,0627525934,2024-06-02,Delivered
54,8059395365,Oto Kenig,Vrtlarska 7,0638663275,2024-06-02,Delivered
55,1575420951,Zlatan Stefanović,Milorada Petrovića 15,0630469346,2024-06-02,Delivered
56,4361483425,Đorđe Veličković,Bulevar Vojvode Bojovića 27,0640196197,2024-06-02,Delivered
57,2083741656,Dragan Janjić,Delnička 44,0660457314,2024-06-03,Delivered
58,2732864832,Ilija Pantić,Dese Ležajić 46,0635390540,2024-06-04,Delivered
59,6863369349,Dragan Janjić,Delnička 44,0660457314,2024-06-04,Delivered
60,4243410998,Gavrilo Stefanović,Partizanski put 29,0611842833,2024-06-04,Delivered
61,5491050119,Bogoljub Lazić,Oštreljska 21,0656655664,2024-06-04,Delivered
62,8626167034,Milivoj Mijatović,Stevana Musića 47,0613205009,2024-06-04,Delivered
63,7751561573,Jovan Marković,Jabučka 57,0649305677,2024-06-05,Delivered
64,6760195356,Kristijan Maksimović,Čakorska 7,0625683098,2024-06-06,Delivered
65,0010702234,Vasilije Aleksić,Vojode Đurovića 59,0620181594,2024-06-06,Delivered
66,8084022731,Ilija Pantić,Dese Ležajić 46,0635390540,2024-06-06,Delivered
67,1365874768,Gavrilo Stefanović,Partizanski put 29,0611842833,2024-06-07,Delivered
68,7723498051,Ignjat Janković,Stojana Protića 2,0660937697,2024-06-07,Delivered
69,9026937157,Gavrilo Stefanović,Partizanski put 29,0611842833,2024-06-07,Delivered
70,4899934325,Đorđe Veličković,Bulevar Vojvode Bojovića 27,0640196197,2024-06-07,Delivered
71,3402248054,Zoran Marjanović,Milutina Uskokovića 40,0643870790,2024-06-08,Delivered
72,4809734101,Čedomir Risović,Milana Premasunca 14,0602956677,2024-06-08,Delivered
73,8311976799,Vladimir Tomović,Đure Mađerčića 60,0664213398,2024-06-08,Delivered
74,7539356098,Marko Ilić,Valtazara Bogićevića 15,0609147065,2024-06-09,Delivered
75,3881068180,Ilija Pantić,Dese Ležajić 46,0635390540,2024-06-09,Delivered
76,5757708098,Oto Kenig,Vrtlarska 7,0638663275,2024-06-09,Delivered
77,0485773230,Zorica Milosavljević,Mihaila Stanojevića 25,0116453526,2024-06-09,Delivered
78,7669533363,Darko Živković,Kružna 24,0111285059,2024-06-09,Delivered
79,7384958824,Vladimir Tomović,Đure Mađerčića 60,0664213398,2024-06-10,Delivered
80,5682270727,Vasilije Aleksić,Vojode Đurovića 59,0620181594,2024-06-10,Delivered
81,3943583534,Ignjat Janković,Stojana Protića 2,0660937697,2024-06-10,Delivered
82,2900027434,Marko Ilić,Valtazara Bogićevića 15,0609147065,2024-06-10,Delivered
83,7506856668,Bogoljub Lazić,Oštreljska 21,0656655664,2024-06-11,Delivered
84,8896281015,Bogoljub Lazić,Oštreljska 21,0656655664,2024-06-11,Delivered
85,2075694603,Jovan Marković,Jabučka 57,0649305677,2024-06-11,Delivered
86,9325126394,Kristijan Maksimović,Čakorska 7,0625683098,2024-06-11,Delivered
87,6168995974,Milivoj Mijatović,Stevana Musića 47,0613205009,2024-06-12,Delivered
88,8475822365,Vasilije Aleksić,Vojode Đurovića 59,0620181594,2024-06-12,Delivered
89,1133592627,Mirko Plećaš,Lazarevićeva 19,0619475042,2024-06-12,Delivered
90,8299147936,Dušan Tomić,Jovana Avakumovića 31,0661861234,2024-06-12,Delivered
91,7360843502,Vasilije Aleksić,Vojode Đurovića 59,0620181594,2024-06-13,Delivered
92,7512468290,Slobodan Đorđević,Železnička 5,0618866941,2024-06-13,Delivered
93,1448576722,Mirko Plećaš,Lazarevićeva 19,0619475042,2024-06-13,Delivered
94,4026220019,Vlada Stanković,Tomazeova 31,0622522619,2024-06-13,Delivered
95,4567722973,Vasilije Aleksić,Vojode Đurovića 59,0620181594,2024-06-14,Delivered
96,4200223186,Marko Ilić,Valtazara Bogićevića 15,0609147065,2024-06-14,Delivered
97,9703433118,Isak Milivojević,Hercegovačka 52,0660175651,2024-06-14,Delivered
98,1938026473,Kristijan Maksimović,Čakorska 7,0625683098,2024-06-14,Delivered
99,6825571839,Mihailo Arsić,Dr Teodora Borockog 51,0604398314,2024-06-14,Delivered
100,0215842883,Dušan Tomić,Jovana Avakumovića 31,0661861234,2024-06-14,Delivered
101,5164746668,Darko Ivanović,Kostolačka 38,0664374685,2024-06-14,Delivered
102,8467120843,Dragan Janjić,Delnička 44,0660457314,2024-06-15,Delivered
103,5314355314,Zlatan Stefanović,Milorada Petrovića 15,0630469346,2024-06-15,Delivered
104,9657137643,Kristijan Maksimović,Čakorska 7,0625683098,2024-06-16,Delivered
105,4259282244,Mirko Plećaš,Lazarevićeva 19,0619475042,2024-06-16,Delivered
106,1297278222,Vasilije Aleksić,Vojode Đurovića 59,0620181594,2024-06-16,Delivered
107,3370364734,Ilija Pantić,Dese Ležajić 46,0635390540,2024-06-16,Delivered
108,9337363360,Gavrilo Stefanović,Partizanski put 29,0611842833,2024-06-17,Delivered
109,4989424766,Slobodan Đorđević,Železnička 5,0618866941,2024-06-17,Delivered
110,1818249432,Čedomir Risović,Milana Premasunca 14,0602956677,2024-06-17,Delivered
111,5774294905,Isak Milivojević,Hercegovačka 52,0660175651,2024-06-18,Delivered
112,8174452264,Čedomir Risović,Milana Premasunca 14,0602956677,2024-06-18,Delivered
113,4374459225,Ninoslav Pavlović,Četvrtog Sremskog bataljona 42,0647110274,2024-06-18,Delivered
114,3050259514,Dušan Tomić,Jovana Avakumovića 31,0661861234,2024-06-18,Delivered
115,2245214652,Mirko Plećaš,Lazarevićeva 19,0619475042,2024-06-18,Delivered
116,6499801451,Ivica Milenković,Jovana Subotića 4,0651784829,2024-06-18,Delivered
117,3070268669,Čedomir Risović,Milana Premasunca 14,0602956677,2024-06-19,Delivered
118,1203978537,Slobodan Đorđević,Železnička 5,0618866941,2024-06-20,Delivered
119,3171935069,Bogoljub Lazić,Oštreljska 21,0656655664,2024-06-20,Delivered
120,3485621152,Vladimir Tomović,Đure Mađerčića 60,0664213398,2024-06-20,Delivered
121,9279885032,Đorđe Veličković,Bulevar Vojvode Bojovića 27,0640196197,2024-06-20,Delivered
122,2456847929,Marko Ilić,Valtazara Bogićevića 15,0609147065,2024-06-21,Delivered
123,6310482629,Aleksandar Rakić,Radmile Rajković 47,0623425885,2024-06-21,Delivered
124,2566251237,Dušan Tomić,Jovana Avakumovića 31,0661861234,2024-06-21,Delivered
125,8538989072,Zlatan Stefanović,Milorada Petrovića 15,0630469346,2024-06-21,Delivered
126,2227555371,Ilija Pantić,Dese Ležajić 46,0635390540,2024-06-21,Delivered
127,1773940102,Kristijan Maksimović,Čakorska 7,0625683098,2024-06-21,Delivered
128,3542331457,Vasilije Aleksić,Vojode Đurovića 59,0620181594,2024-06-22,Delivered
129,5126349834,Lazar Radenković,Knjaževačka 60,0641847736,2024-06-22,Delivered
130,3204178095,Ignjat Janković,Stojana Protića 2,0660937697,2024-06-22,Delivered
131,6216465773,Aleksandar Rakić,Radmile Rajković 47,0623425885,2024-06-22,Delivered
132,6947428185,Oto Kenig,Vrtlarska 7,0638663275,2024-06-22,Delivered
133,3869723627,Laslo Molnar,Bogdana Velaševića 24,0645828128,2024-06-22,Delivered
134,0921616978,Đorđe Veličković,Bulevar Vojvode Bojovića 27,0640196197,2024-06-23,Delivered
135,0146636029,Gavrilo Stefanović,Partizanski put 29,0611842833,2024-06-23,Delivered
136,9339145456,Jovan Marković,Jabučka 57,0649305677,2024-06-23,Delivered
137,3572120344,Oto Kenig,Vrtlarska 7,0638663275,2024-06-23,Delivered
138,9739180503,Zlatan Stefanović,Milorada Petrovića 15,0630469346,2024-06-23,Delivered
139,9339723255,Darko Živković,Kružna 24,0111285059,2024-06-23,Delivered
140,5770414124,Đorđe Veličković,Bulevar Vojvode Bojovića 27,0640196197,2024-06-24,Delivered
141,4001941382,Ivica Milenković,Jovana Subotića 4,0651784829,2024-06-24,Delivered
142,0031097081,Aleksandar Rakić,Radmile Rajković 47,0623425885,2024-06-24,Delivered
143,3820725309,Marko Ilić,Valtazara Bogićevića 15,0609147065,2024-06-24,Delivered
144,8533868018,Ilija Pantić,Dese Ležajić 46,0635390540,2024-06-24,Delivered
145,5034267325,Ivica Milenković,Jovana Subotića 4,0651784829,2024-06-24,Delivered
146,6080096651,Darko Ivanović,Kostolačka 38,0664374685,2024-06-24,Delivered
147,8030861282,Jovan Marković,Jabučka 57,0649305677,2024-06-25,Delivered
148,0604410361,Zorica Milosavljević,Mihaila Stanojevića 25,0116453526,2024-06-25,Delivered
149,9502374506,Marko Ilić,Valtazara Bogićevića 15,0609147065,2024-06-25,Delivered
150,5963515230,Zoran Marjanović,Milutina Uskokovića 40,0643870790,2024-06-25,Delivered
151,6790921801,Goran Petrović,Urvine 28,0645420956,2024-06-25,Delivered
152,4492796252,Zoran Marjanović,Milutina Uskokovića 40,0643870790,2024-06-26,Delivered
153,5027635261,Marko Ilić,Valtazara Bogićevića 15,0609147065,2024-06-26,Delivered
154,9039040940,Laslo Molnar,Bogdana Velaševića 24,0645828128,2024-06-26,Delivered
155,3934002441,Vlada Stanković,Tomazeova 31,0622522619,2024-06-26,Delivered
156,0728599958,Mihailo Arsić,Dr Teodora Borockog 51,0604398314,2024-06-26,Delivered
157,4312294675,Zoran Marjanović,Milutina Uskokovića 40,0643870790,2024-06-27,Delivered
158,6612879908,Zorica Milosavljević,Mihaila Stanojevića 25,0116453526,2024-06-27,Delivered
159,5104202587,Goran Petrović,Urvine 28,0645420956,2024-06-27,Delivered
160,4319481716,Isak Milivojević,Hercegovačka 52,0660175651,2024-06-27,Delivered
161,3638874274,Laslo Molnar,Bogdana Velaševića 24,0645828128,2024-06-28,Delivered
162,5898137501,Zoran Marjanović,Milutina Uskokovića 40,0643870790,2024-06-28,Delivered
163,0530472341,Laslo Molnar,Bogdana Velaševića 24,0645828128,2024-06-28,Delivered
164,5396221005,Lazar Radenković,Knjaževačka 60,0641847736,2024-06-28,Delivered
165,3648489639,Miroslav Lazić,Strumička 18,0621112548,2024-06-25,Delivered
166,7872419560,Slobodan Đorđević,Železnička 5,0618866941,2024-05-25,Returned
167,3961202877,Ignjat Janković,Stojana Protića 2,0660937697,2024-06-15,Returned
168,6924964429,Momčilo Perić,Železnička 11,0624478521,2024-07-01,Sent
169,0897236852,Goran Petrović,Urvine 28,0645420956,2024-07-01,Sent
170,9219700321,Dušan Tomić,Jovana Avakumovića 31,0661861234,2024-07-01,Ready
171,4685593535,Bogoljub Lazić,Oštreljska 21,0656655664,2024-07-01,Ready
172,8421559550,Nemanja Grujić,Kolarska 9,0117708888,2024-07-01,Received
