,product_code,name,manufacturer,type,quantity,price,discount
0,612943,ASUS 2024 ROG i7 RTX 4070 Gaming Desktop,Asus,Desktop,4,190000.0,0
1,477318,IPASON Gaming desktop - AMD Ryzen 5,Ipason,Desktop,11,85000.0,0
2,347764,MSI Gaming Desktop Codex R2 B14NUC7,MSI,Desktop,7,120000.0,0
3,584668,Dynabook Satellite Pro C40-G-109,Toshiba,Laptop,13,27500.0,0
4,565099,VivoBook Go 15 E510MA-EJ1461,Asus,Laptop,11,35500.0,0
5,399406,IdeaPad 1 15AMN7 82VG006MYA,Lenovo,Laptop,7,34000.0,0
6,075336,15s-eq2160nm 8C9R2EA,Hewlett Packard,Laptop,5,47750.0,0
7,489853,Vostro 3520 NOT22752,Dell,Laptop,6,52600.0,0
8,060972,ThinkBook 14 G6 ABP 21KJ0039YA,Lenovo,Laptop,4,75400.0,0
9,419138,TUF Gaming F17 FX707ZC4-HX014,Asus,Laptop,2,105300.0,0
10,874459,G5 MF NOT22286,Gigabyte,Laptop,3,124200.0,0
11,852469,ThinkPad T14 G4 21HD004AYA,Lenovo,Laptop,2,185600.0,0
12,167071,Zenbook Flip S 13 OLED UX371EA-OLED-HL731T,Asus,Laptop,3,211000.0,0
13,980281,7P Premium 7,Nextbook,Tablet,10,5000.0,0
14,909018,2GO547,Blueberry,Tablet,8,7500.0,0
15,039584,ES-TH3-WONWOMAN-7399,eSTAR,Tablet,6,9300.0,0
16,223081,Galaxy Tab A9 SM-X110NZAAEUC,Samsung,Tablet,13,15700.0,0
17,584802,Pad X9 LTE B5MP5301AGTX,Honor,Tablet,9,23200.0,0
18,360616,Redmi Pad 10.6 VHU4231EU,Xiaomi,Tablet,8,23500.0,0
19,047531,Pad 5 VHU4096EU,Xiaomi,Tablet,7,35000.0,0
20,367262,Galaxy Tab S6 Lite SM-P625NZAAEUC,Samsung,Tablet,7,42200.0,0
21,662572,7039B-ON,LC Power,Computer Case,4,3300.0,0
22,393871,Versa H17 CA-1J1-00S1WN-00,Thermaltake,Computer Case,10,5200.0,0
23,046558,MasterBox NR400 MCB-NR400-KGNN-S00,Cooler Master,Computer Case,9,5900.0,0
24,839452,Sideswipe GC-601 PRO,Redragon,Computer Case,6,8500.0,0
25,625425,DF600 Flux,Antec,Computer Case,4,12100.0,0
26,146462,GA-E6010N (rev. 1.0),Gigabyte,Motherboard,5,5900.0,0
27,729571,PRO H510M-B,MSI,Motherboard,5,7200.0,0
28,086586,PRO B650M-P,MSI,Motherboard,4,14100.0,0
29,645157,PRIME B660-PLUS D4,Asus,Motherboard,6,15350.0,0
30,014911,B550 AORUS ELITE V2,Gigabyte,Motherboard,8,17350.0,0
31,239809,TUF GAMING A620M-PLUS,Asus,Motherboard,7,17950.0,0
32,730904,Racing X570GTA,Biostar,Motherboard,6,19800.0,0
33,266372,B650 LIVEMIXER,ASRock,Motherboard,8,22200.0,0
34,888453,ROG STRIX B550-F GAMING,Asus,Motherboard,9,23100.0,0
35,919912,ROG STRIX B660-A GAMING WIFI,Asus,Motherboard,3,31800.0,0
36,950128,Ryzen 9 7900X3D Box 100-100000909WOF,AMD,CPU,5,56100.0,0
37,388904,i3-10100F Tray CM8070104291318,Intel,CPU,6,7630.0,0
38,800857,Ryzen 3 4100 MPK 100-100000510MPK,AMD,CPU,5,8550.0,0
39,027822,Celeron G6900 Box BX80715G6900,Intel,CPU,7,8610.0,0
40,337925,Pentium Gold G7400 Box BX80715G7400,Intel,CPU,8,8800.0,0
41,212131,Ryzen 5 3600 Box AW100100000031BOX,AMD,CPU,7,9900.0,0
42,667253,i3-12100F Tray,Intel,CPU,9,11400.0,0
43,924265,Ryzen 5 PRO 4650G Tray,AMD,CPU,10,12600.0,0
44,945074,i5-11400F Box BX8070811400F,Intel,CPU,9,13150.0,0
45,738200,Ryzen 5 5600G Tray,AMD,CPU,11,15700.0,0
46,963796,i5-10400F Tray,Intel,CPU,10,17800.0,0
47,309576,Ryzen 5 8500G Tray,AMD,CPU,12,21100.0,0
48,984924,i7-11700F Box BX8070811700F,Intel,CPU,6,24000.0,0
49,081937,LC-CF-80,LC Power,Cooler,4,590.0,0
50,776074,Theta 115,Deepcool,Cooler,7,700.0,0
51,922888,Gamma Archer,Deepcool,Cooler,9,810.0,0
52,382618,Cosmo Cool LC-CC-85,LC Power,Cooler,8,850.0,0
53,333686,P12 PWM,Arctic,Cooler,6,900.0,0
54,860365,12025-SLC RGB,Chieftec,Cooler,8,1100.0,0
55,859157,Tornado CF-1225RGB,Chieftec,Cooler,7,1400.0,0
56,569472,Alpine 17 ACALP00040A,Arctic,Cooler,5,1530.0,0
57,679968,Mobius 120 ventilator MFZ-M2NN-21NPK-R1,Cooler Master,Cooler,3,1990.0,0
58,400015,Master Fan MF140 Halo2 MFL-B4DN-16NP2-R2,Cooler Master,Cooler,2,2750.0,0
59,365176,LC-CC-120-RGB,LC Power,Cooler,5,3620.0,0
60,430173,GV-N730D5-2GL rev.1.0,Gigabyte,GPU,4,8890.0,0
61,682559,P12 Silent ACFAN00130A,Arctic,Cooler,5,675.0,0
62,731404,GT 1030 2GHD4 LP OC,MSI,GPU,4,9400.0,0
63,741443,GV-N1030D4-2GL,Gigabyte,GPU,5,10850.0,0
64,179251,GeForce GTX 1630 AERO ITX 4G OC,MSI,GPU,7,16200.0,0
65,014241,GeForce GTX 1630 GV-N1630OC-4GL,Gigabyte,GPU,10,19750.0,0
66,801421,Dual Radeon RX 6500 XT OC Edition DUAL-RX6500XT-O4G,Asus,GPU,8,23100.0,0
67,331880,ARC A580 Challenger OC 8GB A580 CL 8GO,ASRock,GPU,9,25340.0,0
68,447781,AMD Radeon RX 6500 XT RX 6500 XT MECH 2X 4G OC,MSI,GPU,5,24200.0,0
69,401106,470 G10 816K8EA,Hewlett Packard,Laptop,2,94750.0,0
70,021460,Redmi Pad SE 11 VHU4448EU,Xiaomi,Tablet,12,19800.0,0
71,901551,UK-02B-OP,Chieftec,Computer Case,6,4200.0,0
72,584957,Dell Newest XPS 8960 Tower Desktop Computer,Dell,Desktop,8,116000.0,0
73,831074,Chromebook 315 CB315-4H-C567 NX.KB9EP.001,Acer,Laptop,7,30100.0,0
74,477045,LC-2007MS-ON,LC Power,Computer Case,4,2370.0,0
75,975743,H610M-HVS,ASRock,Motherboard,3,8000.0,0
76,316752,Intel Core i9-14900 Box,Intel,CPU,2,76000.0,0
77,094119,Lenovo Legion T5 Ultimate Gaming Tower Desktop,Lenovo,Desktop,5,190000.0,0
78,359957,Cosmo Cool LC-CC95,LC Power,Cooler,3,1550.0,0
79,646843,Pulse AMD Radeon R7 240,Sapphire,GPU,1,7500.0,0
80,629343,Ryzen 7 5700G Box 100-100000263BOX,AMD,CPU,3,24400.0,0
81,952023,Radeon RX 6500 XT Gaming OC 11314-01-20G,Sapphire,GPU,8,26700.0,0
82,929827,Pulse AMD Radeon RX 6600 11310-01-20G,Sapphire,GPU,6,27500.0,0
83,114762,Radeon RX 6500 XT EAGLE 4G GV-R65XTEAGLE-4GD,Gigabyte,GPU,11,28900.0,0
84,327889,Dual GeForce RTX 3050 V2 OC Edition DUAL-RTX3050-O8G-V2,Asus,GPU,10,33800.0,0
85,589653,RX7600 Steel Legend 8G OC RX7600 SL 8GO,ASRock,GPU,9,38700.0,0
86,367833,RTX 4060 GAMING X 8G,MSI,GPU,2,47800.0,0
87,183637,DUAL-RTX4060TI-O8G-WHITE,Asus,GPU,3,55200.0,0
88,537327,Value APB-600B8 600W,Chieftec,Power Supply,7,6650.0,0
89,536471,Silent Green Power LC6650GP3 V2.3 650W,LC Power,Power Supply,8,8350.0,0
90,828186,Smart BM3 Bronze 850W PS-SPD-0850MNFABE-3,Thermaltake,Power Supply,5,14500.0,0
91,395958,Atmos CPX-850FC 850W 80 Plus Gold,Chieftec,Power Supply,4,17400.0,0
92,902859,TUF Gaming Gold 850W TUF-GAMING-850G 90YE00S2-B0NA00,Asus,Power Supply,4,19100.0,0
93,269171,KVR32N22S6/4,Kingston,RAM,2,1990.0,0
94,427126,EL.08G21.GSH,Apacer,RAM,3,2580.0,0
95,820197,SP016GBLFU320X02,Silicon Power,RAM,5,3900.0,0
96,615872,JM3200HLE-16G,Transcend,RAM,7,4650.0,0
97,981243,Fury Beast Black KF436C18BB/16,Kingston,RAM,6,5350.0,0
98,312412,Vengeance RGB RS CMG16GX4M1E3200C16,Corsair,RAM,10,5620.0,0
99,704695,KVR48S40BS8-16,Kingston,RAM,8,7400.0,0
100,989345,Vengeance LPX CMK32GX4M2E3200C16,Corsair,RAM,9,11600.0,0
101,415109,Fury Beast KF556C40BBK2-64,Kingston,RAM,8,26900.0,0
102,448057,Pipeline HD ST1000VM002,Seagate,HDD/SSD,3,3900.0,0
103,043257,220Q TS500GSSD220Q,Transcend,HDD/SSD,5,5500.0,0
104,037270,HDTB520EK3AA,Toshiba,HDD/SSD,4,8800.0,0
105,995081,Barracuda ST3000DM007,Seagate,HDD/SSD,7,12450.0,0
106,081580,StoreJet 25M3C TS4TSJ25M3C,Transcend,HDD/SSD,3,16950.0,0
107,634314,IronWolf Pro ST4000NT001,Seagate,HDD/SSD,6,19150.0,0
108,178070,ASUS BW-16D1HT Blu-ray RW black (11304),Asus,Optical Drive,2,10700.0,0
109,890542,LG GH24NSD1,LG,Optical Drive,4,2100.0,0
110,040661,DRW-24D5MT,Asus,Optical Drive,4,2300.0,0
111,969752,TL-SC3130G,TP-Link,IP Camera,3,11990.0,0
112,452570,PK-635G,A4 Tech,Web Cam,6,1850.0,0
113,741752,FaceCam 2000X,Genius,Web Cam,7,2800.0,0
114,933169,C310 960-000638/960-001065,Logitech,Web Cam,5,3400.0,0
115,936124,Apex GW900-1,Redragon,Web Cam,8,6940.0,0
116,050682,C922 Pro Stream 960-001087/960-001088,Logitech,Web Cam,11,12400.0,0
117,975489,Zoemini C CV123,Canon,Digital Camera,3,16990.0,0
118,001268,EOS 2000D BK 18-55 SEE,Canon,Digital Camera,3,50500.0,0
119,356714,EOS M50 Mark II + 15-45mm,Canon,Digital Camera,2,85000.0,0
120,034789,X1123HP MR.JSA11.001,Acer,Projector,2,43600.0,0
121,517013,Mi Smart Compact Projector SJL4014GL,Xiaomi,Projector,4,55000.0,0
122,030064,Creative Sound Blaster Audigy FX PCIe 5.1,Creative Labs,Sound Card,2,4000.0,0
123,860980,Creative Sound Blaster Audigy PCIe RX 7.1,Creative Labs,Sound Card,3,6000.0,0
124,948310,GeForce RTX 4060 Eagle OC 8GB GV-N4060EAGLE OC-8GD,Gigabyte,GPU,6,43600.0,0
125,437088,SP-Q160 USB,Genius,Speakers,7,780.0,0
126,658256,S-150 980-000029,Logitech,Speakers,4,2550.0,0
127,039228,Z240 980-001228/980-000756,Logitech,Speakers,6,4800.0,0
128,551054,Z213 980-000942,Logitech,Speakers,2,6650.0,0
129,380872,SP-HF2800 BT 2.0 Wi-Fi/3.5/USB,Genius,Speakers,3,9900.0,0
130,102474,Z537 980-001272,Logitech,Speakers,3,15000.0,0
131,603291,Mi Basic ZBW4442GL,Xiaomi,Headphones,7,990.0,0
132,346738,FH300U,A4 Tech,Headphones,3,1820.0,0
133,624666,Redmi Buds 3 Lite TWS BHR5489GL BHR5490GL,Xiaomi,Headphones,5,2990.0,0
134,001204,Muses 2 H310-1,Redragon,Headphones,2,3000.0,0
135,764767,Bloody A4-GR270,A4 Tech,Headphones,6,5290.0,0
136,182834,CH-331,Cooler Master,Headphones,3,6060.0,0
137,932126,Helios H710,Redragon,Headphones,1,8500.0,0
138,206584,MI-10,A4 Tech,Microphone,7,490.0,0
139,941241,GXT 239 Nepa 23467,Trust,Microphone,2,1400.0,0
140,512917,GXT212 Mico 23790,Trust,Microphone,3,2350.0,0
141,568730,Blazar GM300,Redragon,Microphone,1,8750.0,0
142,839440,DataTraveler Micro MRX DTMRX/16GB,Kingston,Flesh Drive,17,600.0,0
143,653924,JetFlash 790 TS32GJF790,Transcend,Flesh Drive,3,800.0,0
144,452845,DataTraveler 20 DT20/32GB,Kingston,Flesh Drive,6,800.0,0
145,148894,DTSE9G3/64GB,Kingston,Flesh Drive,4,1200.0,0
146,910203,Flash 64GB JetFlash 810 TS64GJF810,Transcend,Flesh Drive,4,1330.0,0
147,498555,MK-650,A4 Tech,Headphones,5,920.0,10
148,412863,Creative Sound BlasterX AE-5 Plus SABRE32-class,Creative Labs,Sound Card,2,14000.0,17
149,028059,Data Center DC450R SSD SEDC450R/960G,Kingston,HDD/SSD,8,23600.0,0
150,399163,SW-2.1 385,Genius,Speakers,3,3600.0,0
151,245665,Fury Beast Black KF432C16BB/32,Kingston,RAM,9,9810.0,0
152,353586,JM3200HSE-32G,Transcend,RAM,6,8200.0,0
153,123863,4GB 1600Mhz DDR3 SO-DIMM KVR16S11S8/4,Kingston,RAM,3,3120.0,0
154,003097,Mi 360 Home Security Camera 2K Pro MJSXJ06CM BHR4193GL,Xiaomi,IP Camera,3,7500.0,0
155,205939,Mi Wireless Outdoor Security Camera Set,Xiaomi,IP Camera,5,9990.0,0
156,442031,SP-U125,Genius,Speakers,4,1100.0,0
157,033405,Litepower RGB 650W,Thermaltake,Power Supply,3,6930.0,0
158,218363,MH560,BenQ,Projector,2,91350.0,0
159,063669,DataTraveler 106 DT106/64GB,Kingston,Flesh Drive,2,1700.0,0
160,687607,TS32GUSD300S-A Class 10,Transcend,Memory Card,6,700.0,0
161,042231,Canvas Select Plus SDS2/64GB,Kingston,Memory Card,4,860.0,0
162,131136,Canvas Go! Plus Class 10 SDG3-64GB,Kingston,Memory Card,5,1100.0,0
163,228657,A1 V30 TS128GUSD300S,Transcend,Memory Card,3,1480.0,0
164,552219,TS-RDF5K,Transcend,Card Reader,2,950.0,0
165,223878,FCR-ML3C,Kingston,Card Reader,4,1230.0,0
166,667832,TS-RDC8K2,Transcend,Card Reader,3,1840.0,0
167,382594,LC-25BUB3,LC Power,HDD Rack,2,1140.0,0
168,052393,TS0GSJ25S3,Transcend,HDD Rack,1,1640.0,0
169,146521,LC-DOCK-U3-V,LC Power,HDD Rack,3,3350.0,0
170,119522,TUF Gaming A1 ESD-T1A PS5/XboX,Asus,HDD Rack,1,4600.0,0
171,809796,OP-330S,A4 Tech,Mouse,8,360.0,0
172,601574,OP-620D,A4 Tech,Mouse,4,640.0,0
173,231140,NX-7000,Genius,Mouse,12,830.0,0
174,721281,Ergo 9000S,Genius,Mouse,6,1390.0,0
175,815693,Nothosaur M606,Redragon,Mouse,4,1640.0,0
176,078712,M235 910-002497,Logitech,Mouse,7,3160.0,0
177,111716,M500s Advanced 910-005784,Logitech,Mouse,4,3800.0,0
178,585747,G403 Prodigy 910-004825,Logitech,Mouse,3,7700.0,0
179,764715,FK11 FSTYLER,A4 Tech,Keyboard,5,890.0,0
180,169322,SlimStar Q200,Genius,Keyboard,3,1010.0,0
181,870366,Scorpion K220,Genius,Keyboard,2,1460.0,0
182,834823,K120 920-002509,Logitech,Keyboard,7,1690.0,0
183,474661,KB-28G,A4 Tech,Keyboard,3,1770.0,0
184,738782,Harpe K503,Redragon,Keyboard,4,2700.0,0
185,684744,Bloody Gaming A4-B328,A4 Tech,Keyboard,1,3540.0,0
186,112483,G103 920-005206,Logitech,Keyboard,3,6000.0,0
187,824260,Dark Avenger K568 RGB K568RGB-1,Redragon,Keyboard,5,7400.0,0
188,677163,Ergo K860 Wireless Split 920-010108,Logitech,Keyboard,3,15600.0,0
189,732225,F1110 FSTYLER,A4 Tech,Combo,2,1480.0,0
190,805929,MK120 920-002562,Logitech,Combo,1,2540.0,0
191,009624,MK330 920-003989,Logitech,Combo,1,6300.0,0
192,529612,MaxFire G-8B Grandias,Genius,Gamepad,3,840.0,0
193,654965,Mangan 200 NJG-1425,Genesis,Gamepad,4,1750.0,0
194,743259,Saturn G807,Redragon,Gamepad,2,2270.0,0
195,022350,Mangan 300 NJG-2103,Genesis,Gamepad,2,3900.0,0
196,826654,Mangan 400 NJG-2102,Genesis,Gamepad,3,4900.0,0
197,818378,One Pen Tablet M CTC6110WLW2B,Wacom,Drawing Tablet,2,19850.0,0
198,494781,DTH-1152-CH2,Wacom,Drawing Tablet,1,95000.0,0
199,773019,LS24C310EAUXEN,Samsung,Monitor,5,13270.0,0
200,135094,P24 64X66AA,Dell,Monitor,4,16650.0,0
201,316606,24MK430H-B,LG,Monitor,2,16570.0,0
202,190701,VG278QF,Asus,Monitor,2,29900.0,0
203,912625,34WP75CP-B,LG,Monitor,3,52400.0,0
204,606226,M70B LS43BM700UPXEN,Samsung,Monitor,3,69600.0,0
205,971983,34WP85C-B,LG,Monitor,3,89150.0,0
206,984891,MOBIUZ EX270QM,BenQ,Monitor,1,98200.0,0
207,862981,49WQ95C-W,LG,Monitor,2,176600.0,0
208,385371,Selphy CP1300,Canon,Printer,2,14700.0,0
209,927021,L1250 EcoTank,Epson,Printer,5,19740.0,0
210,160760,LaserJet Pro M404dn W1A53A,Hewlett Packard,Printer,2,27050.0,0
211,772526,TM-U220A-057S1,Epson,Printer,3,37250.0,0
212,230524,LBP228x,Canon,Printer,3,41570.0,0
213,889820,SureColor SC-F100,Epson,Printer,1,60700.0,0
214,842030,LiDE 400,Canon,Scanner,4,12150.0,0
215,858492,WorkForce ES-60W B11B253401,Epson,Scanner,3,23200.0,0
216,083535,WorkForce DS-410,Epson,Scanner,2,38700.0,0
217,356164,ScanJet Pro 2000 s1 L2759A,Hewlett Packard,Scanner,2,48040.0,0
218,334401,LaserJet M141w 7MD74A,Hewlett Packard,Multifunction Device,2,16200.0,0
219,287413,PIXMA G2460,Canon,Multifunction Device,1,25000.0,0
220,992726,EcoTank L6290 C11CJ60404,Epson,Multifunction Device,1,45920.0,0
221,311673,DC500M SEDC500M/960G,Kingston,HDD/SSD,5,33400.0,0
222,652917,MK850 Performance 920-008226,Logitech,Combo,2,15700.0,12
223,666481,LU32J590UQRXEN,Samsung,Monitor,2,39720.0,0
224,539368,SteelPower BDK-750FC,Chieftec,Power Supply,6,12500.0,0
225,563633,B250i MR.JS911.001,Acer,Projector,2,68800.0,0
226,842851,U3423WE,Dell,Monitor,3,135750.0,0
227,396624,Intuos Pro S PTH-451-ENES,Wacom,Drawing Tablet,2,31000.0,0
228,623704,Dual GeForce GTX 1630 OC Edition DUAL-GTX1630-O4G,Asus,GPU,3,14770.0,0
229,894982,LC-M719BW,LC Power,Mouse,7,1100.0,0
230,035523,CBA242Y,Acer,Monitor,0,18220.0,0
231,125723,Zowie XL2411K,BenQ,Monitor,5,26700.0,0
232,701290,LaserJet M111w 7MD68A,Hewlett Packard,Printer,1,11540.0,23
